{
  "best_parameters": {
    "re_mode": 4,
    "w_imag": -0.13641405915391902,
    "w_real": 0.014793396517447377
  },
  "scattering_orders": {
    "0.1": 7.0102086055064525,
    "0.5": 3.1859748348068093,
    "1": 1.5389669971738535,
    "2": -0.10804084045910256,
    "3": -1.0714786638682203,
    "5": -2.28526677352579,
    "10": -3.932274611158746
  }
}